Ride Number, Customer ID, Driver ID, Starting Location, Ending Location, Anticipated Distance, Ride Requested, Actual Time, End Time, Time Waited, Type of Ride
1, 354, 5, Location F, Location E, 15.668840978376956, 06:04, 05:59, 06:14, 0, EXPRESS
2, 302, 8, Location F, Location B, 18.138158975354223, 06:00, 05:59, 06:17, 0, WAIT_AND_SAVE
3, 95, 12, Location F, Location G, 17.70448168642323, 06:03, 06:00, 06:17, 0, STANDARD
4, 47, 10, Location F, Location C, 23.176112737890243, 06:03, 06:00, 06:23, 0, STANDARD
5, 88, 11, Location A, Location F, 23.1334968420418, 06:03, 06:00, 06:23, 0, STANDARD
6, 191, 6, Location D, Location B, 28.743748962478502, 06:04, 05:59, 06:27, 0, EXPRESS
7, 404, 21, Location F, Location F, 18.601789420332835, 06:13, 06:10, 06:28, 0, STANDARD
8, 300, 14, Location B, Location B, 25.72548550356192, 06:06, 06:03, 06:28, 0, STANDARD
9, 299, 13, Location E, Location E, 29.92198881678889, 06:04, 06:01, 06:30, 0, STANDARD
10, 377, 15, Location F, Location D, 27.64457485231567, 06:04, 06:03, 06:30, 0, WAIT_AND_SAVE
11, 207, 3, Location G, Location E, 34.778049775293034, 06:00, 05:57, 06:31, 0, STANDARD
12, 317, 16, Location E, Location C, 28.626187298412955, 06:03, 06:03, 06:31, 0, ENVIRONMENTALLY_CONSCIOUS
13, 357, 23, Location D, Location G, 19.138029678503727, 06:18, 06:13, 06:32, 0, EXPRESS
14, 264, 9, Location G, Location F, 33.197956671771415, 06:03, 06:00, 06:33, 0, STANDARD
15, 346, 18, Location E, Location D, 25.80782928439253, 06:13, 06:08, 06:33, 0, EXPRESS
16, 468, 2, Location F, Location E, 37.74337961725574, 06:01, 05:56, 06:33, 0, EXPRESS
17, 455, 1, Location D, Location E, 38.78366693764508, 06:01, 05:56, 06:34, 0, EXPRESS
18, 368, 5, Location B, Location G, 19.198316729525416, 06:15, 06:15, 06:34, 0, ENVIRONMENTALLY_CONSCIOUS
19, 312, 7, Location A, Location F, 38.66327620519387, 06:02, 05:59, 06:37, 0, STANDARD
20, 459, 25, Location B, Location G, 23.834512017719685, 06:18, 06:15, 06:38, 0, STANDARD
21, 272, 4, Location B, Location G, 42.10554442920615, 06:01, 05:58, 06:40, 0, STANDARD
22, 450, 12, Location F, Location C, 24.146200547229128, 06:16, 06:17, 06:41, 1, ENVIRONMENTALLY_CONSCIOUS
23, 334, 8, Location A, Location C, 24.891771464734827, 06:16, 06:17, 06:41, 1, ENVIRONMENTALLY_CONSCIOUS
24, 167, 17, Location G, Location E, 37.95438300511107, 06:06, 06:06, 06:43, 0, ENVIRONMENTALLY_CONSCIOUS
25, 160, 19, Location A, Location B, 34.72115686544524, 06:12, 06:09, 06:43, 0, STANDARD
26, 277, 22, Location G, Location A, 31.522254149192793, 06:18, 06:13, 06:44, 0, EXPRESS
27, 35, 14, Location C, Location A, 18.39758651951699, 06:25, 06:28, 06:46, 3, STANDARD
28, 45, 20, Location G, Location F, 40.783453033053036, 06:10, 06:09, 06:49, 0, WAIT_AND_SAVE
29, 109, 24, Location D, Location B, 35.111223291129306, 06:14, 06:14, 06:49, 0, ENVIRONMENTALLY_CONSCIOUS
30, 6, 15, Location F, Location D, 20.412871190338464, 06:32, 06:30, 06:50, 0, STANDARD
31, 115, 3, Location D, Location B, 20.847669495570713, 06:31, 06:31, 06:51, 0, STANDARD
32, 320, 21, Location G, Location F, 23.065040607755535, 06:29, 06:28, 06:51, 0, EXPRESS
33, 486, 11, Location C, Location F, 31.314422979767198, 06:22, 06:23, 06:54, 1, EXPRESS
34, 252, 10, Location E, Location B, 34.88913045540751, 06:22, 06:23, 06:57, 1, EXPRESS
35, 373, 8, Location B, Location G, 16.683543314727416, 06:46, 06:41, 06:57, 0, EXPRESS
36, 26, 5, Location F, Location E, 24.690992668773386, 06:39, 06:36, 07:00, 0, STANDARD
37, 292, 12, Location E, Location A, 19.78983250732818, 06:40, 06:41, 07:00, 1, ENVIRONMENTALLY_CONSCIOUS
38, 141, 14, Location C, Location F, 17.579731067798626, 06:46, 06:46, 07:03, 0, WAIT_AND_SAVE
39, 179, 19, Location B, Location A, 20.303728969869415, 06:49, 06:44, 07:04, 0, EXPRESS
40, 466, 13, Location F, Location E, 34.99766577921014, 06:31, 06:30, 07:04, 0, STANDARD
41, 64, 7, Location F, Location G, 27.059244062692773, 06:37, 06:37, 07:04, 0, WAIT_AND_SAVE
42, 111, 2, Location D, Location D, 29.207973367072405, 06:36, 06:35, 07:04, 0, WAIT_AND_SAVE
43, 101, 16, Location D, Location D, 37.1579678797562, 06:31, 06:31, 07:08, 0, WAIT_AND_SAVE
44, 370, 23, Location B, Location C, 36.96775174694653, 06:34, 06:32, 07:08, 0, STANDARD
45, 469, 6, Location G, Location B, 41.233243525795466, 06:23, 06:27, 07:08, 4, EXPRESS
46, 322, 4, Location D, Location C, 29.820710550618088, 06:39, 06:40, 07:09, 1, WAIT_AND_SAVE
47, 270, 25, Location G, Location D, 32.91432622962216, 06:38, 06:38, 07:10, 0, WAIT_AND_SAVE
48, 344, 17, Location A, Location A, 27.568964416832888, 06:49, 06:44, 07:11, 0, EXPRESS
49, 467, 9, Location E, Location E, 42.054163725287886, 06:37, 06:33, 07:15, 0, EXPRESS
50, 206, 18, Location C, Location C, 42.61283512049638, 06:35, 06:34, 07:16, 0, WAIT_AND_SAVE
51, 94, 1, Location E, Location G, 43.003522460701035, 06:39, 06:36, 07:19, 0, STANDARD
52, 161, 8, Location F, Location B, 22.353549788663727, 06:55, 06:57, 07:19, 2, ENVIRONMENTALLY_CONSCIOUS
53, 218, 21, Location B, Location B, 28.893814539318228, 06:57, 06:52, 07:20, 0, EXPRESS
54, 2, 19, Location C, Location C, 19.1300287759865, 07:04, 07:04, 07:23, 0, ENVIRONMENTALLY_CONSCIOUS
55, 152, 5, Location A, Location A, 24.77986234745176, 07:00, 07:00, 07:24, 0, STANDARD
56, 146, 22, Location D, Location D, 40.35991775734559, 06:47, 06:44, 07:24, 0, STANDARD
57, 472, 15, Location A, Location G, 36.33832362846097, 06:56, 06:51, 07:27, 0, EXPRESS
58, 189, 20, Location C, Location F, 38.06708782534044, 06:46, 06:49, 07:27, 3, ENVIRONMENTALLY_CONSCIOUS
59, 308, 23, Location E, Location G, 20.357966428689895, 07:14, 07:09, 07:29, 0, EXPRESS
60, 110, 24, Location F, Location G, 40.665807266748146, 06:52, 06:49, 07:29, 0, STANDARD
61, 27, 10, Location D, Location B, 33.89175782353644, 06:59, 06:57, 07:30, 0, STANDARD
62, 52, 3, Location D, Location D, 40.22135473634586, 06:51, 06:51, 07:31, 0, ENVIRONMENTALLY_CONSCIOUS
63, 458, 2, Location D, Location F, 27.611874171585978, 07:05, 07:05, 07:32, 0, ENVIRONMENTALLY_CONSCIOUS
64, 477, 13, Location A, Location D, 29.49693368502332, 07:04, 07:04, 07:33, 0, ENVIRONMENTALLY_CONSCIOUS
65, 319, 7, Location D, Location G, 29.3254552342117, 07:10, 07:05, 07:34, 0, EXPRESS
66, 37, 9, Location B, Location E, 20.15989159862704, 07:17, 07:15, 07:35, 0, EXPRESS
67, 392, 11, Location B, Location B, 43.484932700157536, 06:56, 06:54, 07:37, 0, STANDARD
68, 215, 12, Location F, Location B, 40.51924126655598, 06:57, 07:00, 07:40, 3, ENVIRONMENTALLY_CONSCIOUS
69, 426, 18, Location A, Location G, 25.37054194022457, 07:13, 07:16, 07:41, 3, ENVIRONMENTALLY_CONSCIOUS
70, 476, 15, Location E, Location D, 15.03854086026702, 07:31, 07:27, 07:42, 0, EXPRESS
71, 386, 5, Location A, Location C, 18.111782134853506, 07:27, 07:24, 07:42, 0, EXPRESS
72, 49, 8, Location B, Location C, 26.633775928197643, 07:21, 07:19, 07:45, 0, STANDARD
73, 116, 16, Location C, Location C, 38.455372875701165, 07:11, 07:08, 07:46, 0, STANDARD
74, 362, 17, Location E, Location A, 35.41036696306538, 07:14, 07:11, 07:46, 0, STANDARD
75, 379, 6, Location E, Location E, 37.43467838724878, 07:12, 07:09, 07:46, 0, STANDARD
76, 56, 14, Location F, Location F, 43.38886201132142, 07:05, 07:04, 07:47, 0, WAIT_AND_SAVE
77, 108, 25, Location F, Location G, 38.41328330242445, 07:11, 07:10, 07:48, 0, WAIT_AND_SAVE
78, 231, 24, Location C, Location B, 20.0838513771709, 07:27, 07:29, 07:49, 2, ENVIRONMENTALLY_CONSCIOUS
79, 407, 10, Location E, Location G, 20.429235933527508, 07:25, 07:30, 07:50, 5, ENVIRONMENTALLY_CONSCIOUS
80, 484, 22, Location G, Location B, 27.81548038461903, 07:26, 07:24, 07:51, 0, STANDARD
81, 453, 4, Location C, Location E, 43.29430513598762, 07:12, 07:09, 07:52, 0, STANDARD
82, 321, 21, Location C, Location D, 38.428207579694096, 07:18, 07:20, 07:58, 2, WAIT_AND_SAVE
83, 75, 11, Location F, Location D, 21.375009616226407, 07:38, 07:37, 07:58, 0, STANDARD
84, 172, 3, Location B, Location B, 28.673554430456058, 07:35, 07:31, 07:59, 0, EXPRESS
85, 416, 13, Location G, Location E, 26.14050062899427, 07:35, 07:33, 07:59, 0, STANDARD
86, 410, 1, Location F, Location F, 41.51780852769956, 07:20, 07:19, 08:00, 0, STANDARD
87, 485, 20, Location F, Location C, 33.824930280708216, 07:27, 07:27, 08:00, 0, WAIT_AND_SAVE
88, 281, 23, Location D, Location E, 32.02546041188373, 07:20, 07:29, 08:01, 9, WAIT_AND_SAVE
89, 226, 15, Location C, Location E, 20.684317680558337, 07:37, 07:42, 08:02, 5, WAIT_AND_SAVE
90, 493, 16, Location B, Location G, 19.47099842846241, 07:48, 07:46, 08:05, 0, STANDARD
91, 447, 19, Location A, Location G, 43.23533653248474, 07:26, 07:23, 08:06, 0, EXPRESS
92, 142, 24, Location E, Location D, 18.96729410722041, 07:53, 07:49, 08:07, 0, EXPRESS
93, 38, 7, Location E, Location G, 36.68367742684097, 07:33, 07:34, 08:10, 1, WAIT_AND_SAVE
94, 387, 5, Location D, Location E, 29.98288869514696, 07:42, 07:42, 08:11, 0, WAIT_AND_SAVE
95, 396, 2, Location F, Location B, 39.15414652043852, 07:31, 07:32, 08:11, 1, WAIT_AND_SAVE
96, 128, 12, Location G, Location B, 34.698048688391324, 07:42, 07:40, 08:14, 0, EXPRESS
97, 375, 9, Location F, Location A, 39.49960970538617, 07:31, 07:35, 08:14, 4, WAIT_AND_SAVE
98, 371, 22, Location B, Location C, 24.823875883398486, 07:50, 07:51, 08:15, 1, STANDARD
99, 16, 20, Location G, Location A, 16.778454110557657, 07:57, 08:00, 08:16, 3, STANDARD
100, 33, 21, Location B, Location F, 19.41506837901516, 08:01, 07:58, 08:17, 0, EXPRESS
101, 278, 18, Location C, Location A, 38.70387004341143, 07:31, 07:41, 08:19, 10, WAIT_AND_SAVE
102, 180, 10, Location C, Location G, 31.13439218384915, 07:54, 07:50, 08:21, 0, EXPRESS
103, 255, 11, Location B, Location C, 25.87460808004142, 08:01, 07:58, 08:23, 0, EXPRESS
104, 394, 23, Location A, Location D, 23.411265345116245, 07:54, 08:01, 08:24, 7, STANDARD
105, 464, 25, Location C, Location B, 37.571422845493146, 07:52, 07:48, 08:25, 0, EXPRESS
106, 257, 17, Location B, Location F, 39.72356987441146, 07:32, 07:46, 08:25, 14, WAIT_AND_SAVE
107, 445, 14, Location G, Location F, 39.9659406324902, 07:26, 07:47, 08:26, 21, ENVIRONMENTALLY_CONSCIOUS
108, 100, 8, Location E, Location C, 42.61547571271641, 07:47, 07:45, 08:27, 0, EXPRESS
109, 449, 19, Location B, Location C, 21.17519257781791, 08:02, 08:06, 08:27, 4, STANDARD
110, 235, 5, Location D, Location C, 17.323735353853298, 08:12, 08:11, 08:28, 0, STANDARD
111, 61, 13, Location G, Location E, 30.356121419527895, 07:55, 07:59, 08:29, 4, STANDARD
112, 374, 6, Location G, Location D, 44.55979652833672, 07:40, 07:46, 08:30, 6, ENVIRONMENTALLY_CONSCIOUS
113, 181, 22, Location B, Location G, 17.693521277132277, 07:52, 08:15, 08:32, 23, WAIT_AND_SAVE
114, 327, 4, Location E, Location D, 40.47769778983791, 07:53, 07:52, 08:32, 0, STANDARD
115, 482, 3, Location E, Location E, 36.75199590404753, 07:54, 07:59, 08:35, 5, STANDARD
116, 29, 16, Location D, Location B, 32.22729846480678, 08:08, 08:05, 08:37, 0, EXPRESS
117, 67, 1, Location E, Location E, 37.91614678187986, 08:01, 08:00, 08:37, 0, STANDARD
118, 127, 2, Location C, Location D, 31.784550580074303, 08:09, 08:11, 08:42, 2, WAIT_AND_SAVE
119, 182, 15, Location D, Location E, 42.191017102983565, 08:06, 08:02, 08:44, 0, EXPRESS
120, 122, 12, Location A, Location F, 31.526513432372383, 08:18, 08:14, 08:45, 0, EXPRESS
121, 481, 21, Location G, Location C, 29.178809876174338, 08:19, 08:17, 08:46, 0, STANDARD
122, 21, 7, Location B, Location F, 36.11884239660911, 08:13, 08:10, 08:46, 0, EXPRESS
123, 309, 24, Location F, Location E, 40.2066830398481, 08:03, 08:07, 08:47, 4, STANDARD
124, 348, 25, Location E, Location B, 24.591647155791748, 08:18, 08:25, 08:49, 7, WAIT_AND_SAVE
125, 364, 23, Location G, Location C, 29.29235082573245, 08:10, 08:24, 08:53, 14, WAIT_AND_SAVE
126, 437, 11, Location D, Location G, 30.81701056308252, 07:53, 08:23, 08:53, 30, WAIT_AND_SAVE
127, 233, 18, Location C, Location A, 35.54641499501001, 08:21, 08:19, 08:54, 0, STANDARD
128, 79, 9, Location C, Location F, 42.76952067883502, 08:16, 08:14, 08:56, 0, STANDARD
129, 3, 4, Location A, Location D, 25.087316788664957, 08:34, 08:32, 08:57, 0, STANDARD
130, 8, 20, Location E, Location B, 41.13990167839176, 08:04, 08:16, 08:57, 12, WAIT_AND_SAVE
131, 240, 19, Location C, Location D, 32.0743113931437, 08:26, 08:27, 08:59, 1, WAIT_AND_SAVE
132, 474, 8, Location F, Location D, 33.95382136165496, 08:31, 08:27, 09:00, 0, EXPRESS
133, 490, 14, Location B, Location E, 35.36091943150955, 08:00, 08:26, 09:01, 26, WAIT_AND_SAVE
134, 113, 1, Location A, Location E, 26.195689794540968, 08:38, 08:37, 09:03, 0, STANDARD
135, 329, 17, Location A, Location A, 38.615912286922786, 08:17, 08:25, 09:03, 8, WAIT_AND_SAVE
136, 238, 16, Location F, Location F, 28.654813344998356, 08:40, 08:37, 09:05, 0, EXPRESS
137, 105, 15, Location D, Location E, 21.617539801384922, 08:36, 08:44, 09:05, 8, STANDARD
138, 217, 22, Location A, Location C, 33.85234955561639, 08:34, 08:32, 09:05, 0, STANDARD
139, 253, 10, Location D, Location A, 44.95234638472533, 08:18, 08:21, 09:05, 3, WAIT_AND_SAVE
140, 361, 12, Location C, Location A, 21.363772420078323, 08:40, 08:45, 09:06, 5, STANDARD
141, 293, 13, Location E, Location D, 37.38154892711543, 08:31, 08:29, 09:06, 0, STANDARD
142, 103, 2, Location E, Location E, 24.352457797473452, 08:44, 08:42, 09:06, 0, EXPRESS
143, 69, 7, Location D, Location G, 21.788150550693974, 08:40, 08:46, 09:07, 6, STANDARD
144, 59, 6, Location F, Location F, 38.190384714360334, 08:32, 08:30, 09:08, 0, STANDARD
145, 326, 5, Location C, Location C, 41.499660866245605, 07:50, 08:28, 09:09, 38, WAIT_AND_SAVE
146, 203, 3, Location F, Location C, 39.112820496197955, 08:37, 08:35, 09:14, 0, EXPRESS
147, 258, 20, Location B, Location C, 17.74782590972071, 08:58, 08:57, 09:14, 0, STANDARD
148, 380, 23, Location A, Location A, 24.759819687092318, 08:54, 08:53, 09:17, 0, EXPRESS
149, 81, 24, Location B, Location F, 32.713215679994136, 08:51, 08:47, 09:19, 0, EXPRESS
150, 41, 4, Location E, Location E, 22.672588289176034, 08:55, 08:57, 09:19, 2, STANDARD
151, 195, 14, Location C, Location F, 19.3480968391697, 08:54, 09:01, 09:20, 7, STANDARD
152, 491, 25, Location E, Location D, 31.02928028064731, 08:45, 08:49, 09:20, 4, STANDARD
153, 221, 2, Location E, Location B, 18.635785314796877, 08:08, 09:06, 09:24, 58, WAIT_AND_SAVE
154, 271, 1, Location E, Location A, 22.72706435581715, 08:49, 09:03, 09:25, 14, STANDARD
155, 50, 11, Location A, Location C, 35.96769757518704, 08:57, 08:53, 09:28, 0, EXPRESS
156, 462, 21, Location G, Location E, 43.56397383366386, 08:50, 08:46, 09:29, 0, EXPRESS
157, 408, 18, Location F, Location A, 35.42265892015811, 08:57, 08:54, 09:29, 0, EXPRESS
158, 96, 13, Location F, Location B, 25.727324047978925, 09:08, 09:06, 09:31, 0, STANDARD
159, 78, 6, Location D, Location D, 23.549060715918333, 09:07, 09:08, 09:31, 1, WAIT_AND_SAVE
160, 285, 9, Location A, Location G, 35.39946370124656, 09:00, 08:56, 09:31, 0, EXPRESS
161, 420, 8, Location E, Location G, 32.12723401938666, 09:03, 09:00, 09:32, 0, EXPRESS
162, 198, 10, Location G, Location G, 30.136741299065015, 08:37, 09:05, 09:35, 28, WAIT_AND_SAVE
163, 62, 20, Location B, Location B, 21.93535698918556, 09:13, 09:14, 09:35, 1, STANDARD
164, 427, 19, Location E, Location E, 36.081889429612716, 09:02, 08:59, 09:35, 0, EXPRESS
165, 307, 7, Location C, Location A, 30.83424093538724, 09:11, 09:07, 09:37, 0, EXPRESS
166, 170, 5, Location C, Location E, 28.67107195531212, 08:55, 09:09, 09:37, 14, WAIT_AND_SAVE
167, 395, 4, Location F, Location D, 21.270405210257604, 09:18, 09:19, 09:40, 1, STANDARD
168, 298, 1, Location F, Location A, 15.310605855366159, 09:12, 09:25, 09:40, 13, WAIT_AND_SAVE
169, 168, 17, Location A, Location C, 38.76954717468884, 09:04, 09:03, 09:41, 0, STANDARD
170, 363, 12, Location E, Location D, 38.28935469950902, 09:08, 09:06, 09:44, 0, STANDARD
171, 497, 14, Location G, Location A, 25.36204118760363, 09:13, 09:20, 09:45, 7, WAIT_AND_SAVE
172, 290, 16, Location G, Location F, 42.75273600485249, 08:39, 09:05, 09:47, 26, WAIT_AND_SAVE
173, 40, 15, Location E, Location D, 43.24562638959601, 08:58, 09:05, 09:48, 7, WAIT_AND_SAVE
174, 157, 24, Location A, Location G, 29.05048572458312, 09:21, 09:19, 09:48, 0, EXPRESS
175, 216, 22, Location D, Location G, 44.69580283504453, 08:39, 09:05, 09:49, 26, WAIT_AND_SAVE
176, 147, 3, Location E, Location E, 36.13597491421661, 09:15, 09:14, 09:50, 0, EXPRESS
177, 438, 10, Location B, Location F, 16.511088512946877, 09:38, 09:35, 09:51, 0, EXPRESS
178, 212, 2, Location E, Location B, 30.112640088951377, 09:28, 09:24, 09:54, 0, EXPRESS
179, 372, 25, Location E, Location F, 34.031937400878306, 08:30, 09:20, 09:54, 50, WAIT_AND_SAVE
180, 457, 23, Location F, Location B, 37.12140342900757, 09:19, 09:17, 09:54, 0, EXPRESS
181, 144, 9, Location A, Location D, 27.920264286417968, 09:30, 09:31, 09:58, 1, WAIT_AND_SAVE
182, 280, 20, Location C, Location G, 24.642789381267036, 09:35, 09:35, 09:59, 0, STANDARD
183, 248, 11, Location C, Location D, 33.710070678821666, 09:31, 09:28, 10:01, 0, EXPRESS
184, 87, 19, Location E, Location G, 26.758051810054095, 09:37, 09:35, 10:01, 0, STANDARD
185, 10, 15, Location C, Location D, 15.729943273764784, 09:36, 09:48, 10:03, 12, WAIT_AND_SAVE
186, 332, 18, Location G, Location G, 36.54547571405382, 08:49, 09:29, 10:05, 40, WAIT_AND_SAVE
187, 402, 1, Location A, Location E, 26.71841722927796, 09:39, 09:40, 10:06, 1, STANDARD
188, 225, 5, Location A, Location E, 30.597927630234754, 09:38, 09:37, 10:07, 0, STANDARD
189, 232, 21, Location E, Location B, 40.28930441492988, 09:29, 09:29, 10:09, 0, STANDARD
190, 382, 24, Location E, Location D, 21.302023842524957, 08:49, 09:48, 10:09, 59, WAIT_AND_SAVE
191, 102, 6, Location D, Location A, 39.33370271333247, 09:10, 09:31, 10:10, 21, WAIT_AND_SAVE
192, 411, 4, Location G, Location G, 32.023484540871756, 09:43, 09:40, 10:12, 0, EXPRESS
193, 424, 13, Location E, Location F, 42.80453256561829, 09:32, 09:31, 10:13, 0, STANDARD
194, 333, 2, Location C, Location A, 21.46015611122818, 09:58, 09:54, 10:15, 0, EXPRESS
195, 117, 8, Location B, Location B, 43.47120722664988, 09:30, 09:32, 10:15, 2, WAIT_AND_SAVE
196, 93, 17, Location C, Location D, 36.269533901424, 09:40, 09:41, 10:17, 1, STANDARD
197, 440, 22, Location G, Location A, 30.321522000404364, 09:51, 09:49, 10:19, 0, STANDARD
198, 441, 23, Location F, Location E, 25.748306656649802, 09:46, 09:54, 10:19, 8, WAIT_AND_SAVE
199, 65, 19, Location B, Location E, 18.667952947633857, 10:02, 10:01, 10:19, 0, STANDARD
200, 15, 12, Location F, Location D, 36.667833581203524, 09:41, 09:44, 10:20, 3, WAIT_AND_SAVE
201, 12, 7, Location A, Location A, 44.30223746175606, 09:40, 09:37, 10:21, 0, EXPRESS
202, 342, 10, Location C, Location D, 33.14397701022648, 09:51, 09:51, 10:24, 0, STANDARD
203, 415, 24, Location B, Location E, 16.786747838241286, 10:10, 10:09, 10:25, 0, STANDARD
204, 163, 4, Location B, Location C, 15.986214199227566, 10:15, 10:12, 10:27, 0, EXPRESS
205, 434, 25, Location D, Location A, 33.06691041013971, 09:55, 09:54, 10:27, 0, STANDARD
206, 385, 15, Location A, Location E, 24.902694213475677, 10:07, 10:03, 10:27, 0, EXPRESS
207, 461, 14, Location F, Location A, 42.30780543678816, 09:47, 09:45, 10:27, 0, STANDARD
208, 381, 20, Location B, Location D, 29.54044300328823, 10:03, 09:59, 10:28, 0, EXPRESS
209, 283, 16, Location D, Location B, 42.43799391613858, 09:36, 09:47, 10:29, 11, WAIT_AND_SAVE
210, 325, 11, Location F, Location B, 32.972733111624436, 10:04, 10:01, 10:33, 0, EXPRESS
211, 353, 13, Location E, Location A, 20.845723758316154, 10:14, 10:13, 10:33, 0, STANDARD
212, 470, 3, Location E, Location G, 44.4461440000219, 09:54, 09:50, 10:34, 0, EXPRESS
213, 335, 8, Location B, Location D, 20.150955376052085, 10:02, 10:15, 10:35, 13, WAIT_AND_SAVE
214, 460, 9, Location D, Location A, 38.15466099537369, 09:33, 09:58, 10:36, 25, WAIT_AND_SAVE
215, 151, 7, Location C, Location B, 15.512522234270335, 10:25, 10:21, 10:36, 0, EXPRESS
216, 345, 12, Location G, Location B, 17.134876829970757, 10:22, 10:20, 10:37, 0, STANDARD
217, 323, 1, Location B, Location G, 31.267149669846646, 10:05, 10:06, 10:37, 1, WAIT_AND_SAVE
218, 487, 19, Location F, Location A, 19.71018720976119, 08:55, 10:19, 10:38, 84, WAIT_AND_SAVE
219, 23, 6, Location C, Location G, 29.517992845462764, 10:12, 10:10, 10:39, 0, STANDARD
220, 71, 10, Location B, Location B, 17.111540442846916, 09:59, 10:24, 10:41, 25, WAIT_AND_SAVE
221, 399, 14, Location C, Location F, 15.332411788113316, 10:08, 10:27, 10:42, 19, WAIT_AND_SAVE
222, 351, 22, Location C, Location A, 23.719939593177745, 10:23, 10:19, 10:42, 0, EXPRESS
223, 384, 18, Location F, Location G, 39.80285402149135, 10:07, 10:05, 10:44, 0, STANDARD
224, 406, 5, Location C, Location B, 37.94409571884164, 10:09, 10:07, 10:44, 0, STANDARD
225, 193, 20, Location G, Location E, 17.362648057017026, 10:01, 10:28, 10:45, 27, WAIT_AND_SAVE
226, 173, 11, Location G, Location D, 17.31606714945558, 10:35, 10:33, 10:50, 0, EXPRESS
227, 7, 21, Location F, Location A, 41.19643101276621, 10:12, 10:09, 10:50, 0, EXPRESS
228, 388, 2, Location C, Location F, 36.892295146571286, 09:54, 10:15, 10:51, 21, WAIT_AND_SAVE
229, 439, 23, Location A, Location C, 32.50397552557971, 10:23, 10:19, 10:51, 0, EXPRESS
230, 201, 4, Location F, Location A, 25.71235968139741, 09:50, 10:27, 10:52, 37, WAIT_AND_SAVE
231, 338, 25, Location A, Location D, 30.245525660668264, 10:11, 10:27, 10:57, 16, WAIT_AND_SAVE
232, 130, 8, Location A, Location G, 22.909629415934084, 10:37, 10:35, 10:57, 0, STANDARD
233, 46, 17, Location A, Location A, 42.97612450765533, 10:18, 10:17, 10:59, 0, STANDARD
234, 418, 3, Location E, Location A, 28.1357659437082, 10:34, 10:34, 11:02, 0, STANDARD
235, 489, 14, Location G, Location B, 22.810814225733694, 10:40, 10:42, 11:04, 2, WAIT_AND_SAVE
236, 304, 12, Location A, Location D, 28.615080037720432, 10:06, 10:37, 11:05, 31, WAIT_AND_SAVE
237, 330, 19, Location A, Location F, 27.691432751007333, 08:43, 10:38, 11:05, 115, WAIT_AND_SAVE
238, 316, 24, Location D, Location E, 42.82083294233553, 10:29, 10:25, 11:07, 0, EXPRESS
239, 446, 20, Location B, Location F, 22.799100550275767, 10:49, 10:45, 11:07, 0, EXPRESS
240, 22, 11, Location G, Location B, 17.61672799412851, 10:50, 10:50, 11:07, 0, EXPRESS
241, 222, 7, Location C, Location C, 33.89508325725002, 10:30, 10:36, 11:09, 6, WAIT_AND_SAVE
242, 48, 15, Location A, Location C, 43.86188727072533, 10:14, 10:27, 11:10, 13, WAIT_AND_SAVE
243, 126, 5, Location E, Location E, 26.84798390305893, 10:42, 10:44, 11:10, 2, ENVIRONMENTALLY_CONSCIOUS
244, 185, 16, Location G, Location A, 42.74231433181065, 10:31, 10:29, 11:11, 0, STANDARD
245, 194, 9, Location C, Location E, 35.97147380413731, 09:58, 10:36, 11:11, 38, WAIT_AND_SAVE
246, 244, 22, Location E, Location G, 30.911139884820923, 10:42, 10:42, 11:12, 0, WAIT_AND_SAVE
247, 444, 23, Location A, Location A, 23.877725708415674, 10:52, 10:51, 11:14, 0, STANDARD
248, 282, 17, Location B, Location F, 15.336426100477109, 11:02, 10:59, 11:14, 0, EXPRESS
249, 219, 10, Location C, Location G, 35.96171412430584, 09:23, 10:41, 11:16, 78, WAIT_AND_SAVE
250, 107, 13, Location F, Location E, 44.26341035412993, 10:32, 10:33, 11:17, 1, STANDARD
251, 164, 4, Location B, Location E, 28.57834741866277, 10:47, 10:52, 11:20, 5, WAIT_AND_SAVE
252, 132, 1, Location G, Location F, 43.83477660466701, 08:55, 10:37, 11:20, 102, WAIT_AND_SAVE
253, 104, 6, Location F, Location A, 42.04158414084169, 10:38, 10:39, 11:21, 1, WAIT_AND_SAVE
254, 432, 19, Location D, Location D, 18.2159673765502, 11:05, 11:05, 11:23, 0, STANDARD
255, 366, 3, Location B, Location D, 26.327205851090397, 11:06, 11:02, 11:28, 0, EXPRESS
256, 57, 18, Location B, Location G, 44.19708812653418, 10:45, 10:44, 11:28, 0, STANDARD
257, 114, 15, Location G, Location B, 19.919481634024784, 11:14, 11:10, 11:29, 0, EXPRESS
258, 337, 21, Location F, Location D, 41.95498670690005, 10:52, 10:50, 11:31, 0, EXPRESS
259, 13, 8, Location B, Location B, 35.52614156065424, 10:58, 10:57, 11:32, 0, STANDARD
260, 133, 22, Location D, Location A, 21.774979686740714, 11:16, 11:12, 11:33, 0, EXPRESS
261, 310, 2, Location F, Location C, 44.076746736748944, 10:49, 10:51, 11:35, 2, STANDARD
262, 14, 13, Location A, Location C, 21.419618737192767, 11:19, 11:17, 11:38, 0, STANDARD
263, 295, 14, Location E, Location D, 35.70770888228097, 11:03, 11:04, 11:39, 1, STANDARD
264, 190, 20, Location D, Location C, 33.261618474528184, 11:07, 11:07, 11:40, 0, WAIT_AND_SAVE
265, 239, 25, Location F, Location G, 44.334008028043954, 10:59, 10:57, 11:41, 0, EXPRESS
266, 121, 9, Location F, Location G, 31.00806632216462, 10:59, 11:11, 11:42, 12, WAIT_AND_SAVE
267, 230, 23, Location B, Location D, 28.09513491855799, 10:52, 11:14, 11:42, 22, WAIT_AND_SAVE
268, 328, 1, Location D, Location D, 22.357195768438825, 10:51, 11:20, 11:42, 29, WAIT_AND_SAVE
269, 53, 3, Location A, Location F, 16.28709604467457, 11:27, 11:28, 11:44, 1, EXPRESS
270, 4, 11, Location C, Location B, 38.03390324164843, 11:05, 11:07, 11:45, 2, WAIT_AND_SAVE
271, 250, 19, Location F, Location C, 22.066847691401712, 11:26, 11:23, 11:45, 0, EXPRESS
272, 340, 7, Location A, Location D, 37.47796734532561, 11:12, 11:09, 11:46, 0, EXPRESS
273, 5, 12, Location E, Location A, 41.99585094328053, 11:09, 11:05, 11:46, 0, EXPRESS
274, 223, 8, Location D, Location B, 15.977806434890221, 11:27, 11:32, 11:47, 5, STANDARD
275, 149, 16, Location C, Location F, 37.52018157484298, 11:15, 11:11, 11:48, 0, EXPRESS
276, 256, 24, Location D, Location B, 42.88131789981, 11:06, 11:07, 11:49, 1, STANDARD
277, 177, 5, Location B, Location C, 42.773912370059314, 11:10, 11:10, 11:52, 0, WAIT_AND_SAVE
278, 324, 10, Location B, Location G, 38.882789957239254, 11:19, 11:16, 11:54, 0, EXPRESS
279, 70, 9, Location C, Location F, 15.673451580401185, 11:24, 11:42, 11:57, 18, WAIT_AND_SAVE
280, 135, 17, Location E, Location F, 44.93076670137525, 11:03, 11:14, 11:58, 11, WAIT_AND_SAVE
281, 129, 6, Location E, Location F, 37.71781838012842, 11:08, 11:21, 11:58, 13, WAIT_AND_SAVE
282, 495, 19, Location C, Location A, 15.010119790907602, 11:13, 11:45, 12:00, 32, WAIT_AND_SAVE
283, 156, 4, Location F, Location D, 43.49171435536735, 11:15, 11:20, 12:03, 5, WAIT_AND_SAVE
284, 336, 2, Location A, Location D, 28.59412169393709, 11:24, 11:35, 12:03, 11, STANDARD
285, 125, 23, Location F, Location A, 22.960040868634263, 11:28, 11:42, 12:04, 14, WAIT_AND_SAVE
286, 251, 22, Location C, Location F, 32.617028973148514, 11:33, 11:33, 12:05, 0, STANDARD
287, 341, 24, Location F, Location C, 16.904337197429577, 09:30, 11:49, 12:05, 139, ENVIRONMENTALLY_CONSCIOUS
288, 228, 18, Location F, Location A, 38.08591320975498, 11:25, 11:28, 12:06, 3, STANDARD
289, 343, 8, Location C, Location B, 19.86829496231459, 10:14, 11:47, 12:06, 93, ENVIRONMENTALLY_CONSCIOUS
290, 349, 21, Location E, Location D, 37.86205204229173, 11:26, 11:31, 12:08, 5, STANDARD
291, 213, 25, Location B, Location G, 28.631139786448955, 11:43, 11:41, 12:09, 0, STANDARD
292, 211, 14, Location D, Location B, 30.839329354367763, 11:41, 11:39, 12:09, 0, STANDARD
293, 166, 15, Location D, Location E, 41.54078364339904, 11:25, 11:29, 12:10, 4, STANDARD
294, 106, 12, Location D, Location F, 25.28421589089954, 11:34, 11:46, 12:11, 12, ENVIRONMENTALLY_CONSCIOUS
295, 9, 9, Location F, Location E, 15.679396376882575, 12:00, 11:57, 12:12, 0, EXPRESS
296, 162, 20, Location G, Location B, 33.09750311826413, 11:23, 11:40, 12:13, 17, WAIT_AND_SAVE
297, 496, 13, Location G, Location A, 35.933790781974615, 11:40, 11:38, 12:13, 0, EXPRESS
298, 286, 11, Location G, Location G, 32.08712602363087, 11:38, 11:45, 12:17, 7, WAIT_AND_SAVE
299, 296, 3, Location B, Location C, 37.20274567041501, 11:45, 11:44, 12:21, 0, STANDARD
300, 18, 1, Location C, Location E, 43.22133154102126, 11:37, 11:42, 12:25, 5, WAIT_AND_SAVE
301, 77, 18, Location G, Location B, 19.493522251983638, 11:56, 12:06, 12:25, 10, WAIT_AND_SAVE
302, 245, 14, Location C, Location F, 17.72978715120397, 12:11, 12:09, 12:26, 0, STANDARD
303, 209, 12, Location G, Location G, 16.173826907304054, 12:05, 12:11, 12:27, 6, WAIT_AND_SAVE
304, 314, 16, Location F, Location A, 40.105429848949385, 11:50, 11:48, 12:28, 0, STANDARD
305, 54, 7, Location F, Location G, 43.2046650812848, 11:13, 11:46, 12:29, 33, WAIT_AND_SAVE
306, 301, 21, Location B, Location D, 22.872993735278087, 12:09, 12:08, 12:30, 0, STANDARD
307, 315, 6, Location F, Location A, 32.88742360019101, 11:54, 11:58, 12:30, 4, STANDARD
308, 350, 15, Location D, Location C, 21.24252484687269, 12:11, 12:10, 12:31, 0, STANDARD
309, 331, 5, Location F, Location D, 41.989070244445074, 11:53, 11:52, 12:33, 0, STANDARD
310, 200, 4, Location B, Location G, 30.174089134451748, 12:07, 12:03, 12:33, 0, EXPRESS
311, 196, 23, Location C, Location G, 29.8766618871665, 11:57, 12:04, 12:33, 7, STANDARD
312, 352, 13, Location D, Location E, 21.92351432145786, 12:10, 12:13, 12:34, 3, WAIT_AND_SAVE
313, 184, 10, Location E, Location D, 42.03750369577815, 11:57, 11:54, 12:36, 0, EXPRESS
314, 417, 25, Location G, Location F, 28.127820833358385, 12:09, 12:09, 12:37, 0, STANDARD
315, 430, 24, Location C, Location E, 33.374764478538175, 12:02, 12:05, 12:38, 3, WAIT_AND_SAVE
316, 488, 17, Location E, Location A, 40.37028240901718, 12:01, 11:58, 12:38, 0, EXPRESS
317, 443, 20, Location G, Location G, 28.624309815298467, 11:57, 12:13, 12:41, 16, WAIT_AND_SAVE
318, 99, 1, Location D, Location E, 17.41061199302298, 12:23, 12:25, 12:42, 2, STANDARD
319, 175, 22, Location B, Location E, 38.864561320696595, 12:04, 12:05, 12:43, 1, STANDARD
320, 39, 8, Location D, Location B, 37.52482549435399, 11:57, 12:06, 12:43, 9, WAIT_AND_SAVE
321, 199, 19, Location A, Location A, 44.933834387307854, 12:04, 12:00, 12:44, 0, EXPRESS
322, 136, 18, Location A, Location A, 20.40462989599812, 12:27, 12:25, 12:45, 0, STANDARD
323, 483, 2, Location B, Location A, 43.94083177272444, 11:58, 12:03, 12:46, 5, STANDARD
324, 246, 11, Location F, Location C, 30.980040052653457, 12:21, 12:17, 12:47, 0, EXPRESS
325, 492, 9, Location B, Location F, 36.082877305644104, 12:14, 12:12, 12:48, 0, STANDARD
326, 398, 14, Location F, Location E, 25.95929354098864, 12:30, 12:26, 12:51, 0, EXPRESS
327, 236, 12, Location G, Location G, 24.647288620996704, 12:27, 12:27, 12:51, 0, STANDARD
328, 85, 5, Location F, Location F, 21.27684673617759, 12:35, 12:33, 12:54, 0, EXPRESS
329, 448, 7, Location B, Location B, 25.922781927791444, 12:13, 12:29, 12:54, 16, WAIT_AND_SAVE
330, 176, 15, Location E, Location C, 25.008493559949788, 12:35, 12:31, 12:56, 0, EXPRESS
331, 247, 13, Location A, Location F, 24.462573629620838, 12:21, 12:34, 12:58, 13, ENVIRONMENTALLY_CONSCIOUS
332, 269, 4, Location G, Location A, 28.65160819151548, 12:35, 12:33, 13:01, 0, STANDARD
333, 294, 19, Location F, Location G, 17.475916458420052, 12:43, 12:44, 13:01, 1, WAIT_AND_SAVE
334, 288, 3, Location G, Location E, 41.55816408145789, 12:19, 12:21, 13:02, 2, STANDARD
335, 391, 2, Location D, Location A, 17.92725107346857, 12:46, 12:46, 13:03, 0, WAIT_AND_SAVE
336, 83, 10, Location G, Location B, 28.479168845901594, 12:39, 12:36, 13:04, 0, EXPRESS
337, 171, 18, Location E, Location D, 21.54890411310248, 11:55, 12:45, 13:06, 50, ENVIRONMENTALLY_CONSCIOUS
338, 224, 17, Location A, Location F, 30.735281998730834, 12:37, 12:38, 13:08, 1, ENVIRONMENTALLY_CONSCIOUS
339, 123, 11, Location D, Location B, 21.853489822344315, 12:45, 12:47, 13:08, 2, ENVIRONMENTALLY_CONSCIOUS
340, 383, 25, Location B, Location A, 32.795422718574024, 12:36, 12:37, 13:09, 1, WAIT_AND_SAVE
341, 145, 21, Location D, Location E, 39.34262917241934, 12:25, 12:30, 13:09, 5, WAIT_AND_SAVE
342, 155, 16, Location B, Location G, 43.23212628577692, 12:30, 12:28, 13:11, 0, STANDARD
343, 367, 6, Location G, Location D, 41.14654061289449, 08:07, 12:30, 13:11, 263, ENVIRONMENTALLY_CONSCIOUS
344, 36, 23, Location G, Location C, 40.373872659343924, 11:58, 12:33, 13:13, 35, ENVIRONMENTALLY_CONSCIOUS
345, 138, 24, Location A, Location G, 35.067369968377925, 12:38, 12:38, 13:13, 0, WAIT_AND_SAVE
346, 414, 5, Location A, Location C, 20.47510616216978, 12:56, 12:54, 13:14, 0, EXPRESS
347, 92, 12, Location A, Location F, 24.24564895490243, 12:50, 12:51, 13:15, 1, ENVIRONMENTALLY_CONSCIOUS
348, 120, 8, Location B, Location F, 34.495676497791095, 12:43, 12:43, 13:17, 0, WAIT_AND_SAVE
349, 291, 15, Location G, Location G, 24.229133023642717, 12:59, 12:56, 13:20, 0, EXPRESS
350, 297, 19, Location B, Location B, 22.870888971734313, 13:03, 13:01, 13:23, 0, STANDARD
351, 112, 20, Location C, Location B, 42.58907242607005, 12:45, 12:41, 13:23, 0, EXPRESS
352, 139, 14, Location B, Location F, 33.901855937144276, 12:50, 12:51, 13:24, 1, WAIT_AND_SAVE
353, 34, 1, Location B, Location C, 44.25618091048578, 12:41, 12:42, 13:26, 1, STANDARD
354, 159, 22, Location F, Location C, 44.24424701942482, 12:43, 12:43, 13:27, 0, STANDARD
355, 148, 6, Location F, Location C, 17.10553717127398, 12:55, 13:11, 13:28, 16, WAIT_AND_SAVE
356, 118, 16, Location B, Location E, 18.149975636763706, 12:59, 13:11, 13:29, 12, WAIT_AND_SAVE
357, 174, 9, Location E, Location E, 41.04922808869436, 12:28, 12:48, 13:29, 20, ENVIRONMENTALLY_CONSCIOUS
358, 498, 2, Location C, Location B, 27.350916390980434, 12:58, 13:03, 13:30, 5, STANDARD
359, 66, 25, Location D, Location A, 22.67135702420056, 13:08, 13:09, 13:31, 1, STANDARD
360, 268, 7, Location D, Location C, 40.407772299752544, 12:52, 12:54, 13:34, 2, WAIT_AND_SAVE
361, 97, 3, Location F, Location E, 33.66834557827656, 12:58, 13:02, 13:35, 4, STANDARD
362, 188, 13, Location B, Location E, 39.55805477759858, 13:01, 12:58, 13:37, 0, EXPRESS
363, 311, 17, Location C, Location D, 30.01286186661372, 13:03, 13:08, 13:38, 5, STANDARD
364, 358, 4, Location G, Location F, 40.98456726752016, 13:02, 13:01, 13:41, 0, EXPRESS
365, 471, 5, Location C, Location G, 28.497031012951236, 12:54, 13:14, 13:42, 20, WAIT_AND_SAVE
366, 19, 15, Location B, Location E, 23.784766814407682, 13:24, 13:20, 13:43, 0, EXPRESS
367, 63, 21, Location E, Location C, 35.43968387589116, 13:11, 13:09, 13:44, 0, STANDARD
368, 43, 10, Location G, Location E, 41.332400930517394, 12:59, 13:04, 13:45, 5, STANDARD
369, 158, 19, Location B, Location F, 26.529396164077234, 13:25, 13:23, 13:49, 0, EXPRESS
370, 473, 16, Location F, Location B, 20.894367196082243, 12:59, 13:29, 13:49, 30, WAIT_AND_SAVE
371, 234, 18, Location G, Location D, 44.09781500597573, 13:02, 13:06, 13:50, 4, STANDARD
372, 378, 7, Location F, Location E, 16.972790211359243, 13:36, 13:34, 13:50, 0, EXPRESS
373, 433, 11, Location G, Location F, 43.77533623000271, 13:06, 13:08, 13:51, 2, STANDARD
374, 436, 8, Location B, Location A, 35.49423500211502, 13:21, 13:17, 13:52, 0, EXPRESS
375, 143, 23, Location B, Location B, 40.48544035773028, 13:14, 13:13, 13:53, 0, STANDARD
376, 60, 6, Location A, Location C, 25.565794926772497, 13:20, 13:28, 13:53, 8, WAIT_AND_SAVE
377, 265, 1, Location B, Location B, 28.974089231552576, 13:27, 13:26, 13:54, 0, STANDARD
378, 260, 22, Location E, Location E, 27.77962198572026, 13:31, 13:27, 13:54, 0, EXPRESS
379, 32, 3, Location A, Location F, 20.81481763458305, 13:37, 13:35, 13:55, 0, EXPRESS
380, 17, 24, Location C, Location E, 42.037301360546266, 13:15, 13:13, 13:55, 0, STANDARD
381, 431, 20, Location A, Location D, 34.59948358894688, 13:23, 13:23, 13:57, 0, STANDARD
382, 356, 12, Location E, Location B, 43.00614272944785, 13:19, 13:15, 13:58, 0, EXPRESS
383, 90, 9, Location E, Location E, 30.985248929104486, 13:18, 13:29, 13:59, 11, WAIT_AND_SAVE
384, 454, 17, Location E, Location E, 21.265370844697628, 13:34, 13:38, 13:59, 4, STANDARD
385, 390, 4, Location B, Location D, 19.064243077621793, 13:42, 13:41, 14:00, 0, STANDARD
386, 360, 14, Location C, Location C, 37.09820831693946, 13:19, 13:24, 14:01, 5, WAIT_AND_SAVE
387, 28, 2, Location A, Location A, 31.478222935099144, 12:58, 13:30, 14:01, 32, WAIT_AND_SAVE
388, 76, 8, Location B, Location A, 16.275698649978846, 13:47, 13:52, 14:08, 5, WAIT_AND_SAVE
389, 80, 19, Location A, Location B, 22.208765079050536, 13:49, 13:49, 14:11, 0, EXPRESS
390, 42, 22, Location D, Location B, 19.60221719723797, 13:04, 13:54, 14:13, 50, WAIT_AND_SAVE
391, 44, 25, Location C, Location D, 44.610319373834805, 12:58, 13:31, 14:15, 33, WAIT_AND_SAVE
392, 205, 17, Location B, Location B, 18.299686831349785, 13:56, 13:59, 14:17, 3, WAIT_AND_SAVE
393, 91, 7, Location G, Location B, 27.577647822871285, 13:48, 13:50, 14:17, 2, WAIT_AND_SAVE
394, 197, 13, Location C, Location C, 41.18530630700046, 13:39, 13:37, 14:18, 0, EXPRESS
395, 229, 5, Location B, Location B, 36.06561602575846, 13:44, 13:42, 14:18, 0, STANDARD
396, 55, 23, Location A, Location G, 25.588563846366178, 13:55, 13:53, 14:18, 0, STANDARD
397, 479, 15, Location C, Location F, 36.873460937532926, 13:45, 13:43, 14:19, 0, STANDARD
398, 355, 4, Location C, Location D, 19.24336688711641, 13:56, 14:00, 14:19, 4, WAIT_AND_SAVE
399, 186, 16, Location A, Location F, 30.59832427200794, 13:47, 13:49, 14:19, 2, STANDARD
400, 134, 12, Location F, Location A, 21.92117431694566, 13:17, 13:58, 14:19, 41, WAIT_AND_SAVE
401, 11, 11, Location F, Location C, 29.533171558738275, 13:53, 13:51, 14:20, 0, STANDARD
402, 261, 9, Location E, Location B, 24.590366101105495, 13:32, 13:59, 14:23, 27, WAIT_AND_SAVE
403, 243, 10, Location E, Location C, 40.19258896803153, 13:49, 13:45, 14:25, 0, EXPRESS
404, 20, 3, Location B, Location D, 31.076205219652476, 13:32, 13:55, 14:26, 23, WAIT_AND_SAVE
405, 425, 21, Location B, Location G, 42.48019990114622, 13:43, 13:44, 14:26, 1, WAIT_AND_SAVE
406, 131, 18, Location C, Location B, 37.30976994028627, 13:52, 13:50, 14:27, 0, STANDARD
407, 72, 1, Location A, Location D, 33.47966608421132, 13:56, 13:54, 14:27, 0, STANDARD
408, 365, 24, Location F, Location E, 36.38358833298669, 13:27, 13:55, 14:31, 28, WAIT_AND_SAVE
409, 303, 22, Location C, Location A, 21.5976791814881, 08:47, 14:13, 14:34, 326, ENVIRONMENTALLY_CONSCIOUS
410, 58, 6, Location C, Location B, 43.138697639958295, 13:25, 13:53, 14:36, 28, WAIT_AND_SAVE
411, 154, 16, Location G, Location B, 18.880851275359063, 08:25, 14:19, 14:37, 354, ENVIRONMENTALLY_CONSCIOUS
412, 405, 2, Location D, Location B, 37.20075312999552, 13:59, 14:01, 14:38, 2, WAIT_AND_SAVE
413, 279, 14, Location G, Location B, 38.17868728041934, 13:59, 14:01, 14:39, 2, WAIT_AND_SAVE
414, 389, 20, Location F, Location D, 44.46569656941226, 13:59, 13:57, 14:41, 0, STANDARD
415, 202, 25, Location F, Location G, 28.606583243763556, 13:25, 14:15, 14:43, 50, ENVIRONMENTALLY_CONSCIOUS
416, 274, 5, Location F, Location D, 25.950276226365283, 07:57, 14:18, 14:43, 381, ENVIRONMENTALLY_CONSCIOUS
417, 409, 4, Location D, Location C, 26.24464757589981, 12:36, 14:19, 14:45, 103, ENVIRONMENTALLY_CONSCIOUS
418, 275, 1, Location E, Location B, 18.09682369400127, 12:08, 14:27, 14:45, 139, ENVIRONMENTALLY_CONSCIOUS
419, 153, 8, Location C, Location D, 37.9100102401799, 13:30, 14:08, 14:45, 38, ENVIRONMENTALLY_CONSCIOUS
420, 51, 3, Location A, Location G, 20.332282332318602, 12:36, 14:26, 14:46, 110, ENVIRONMENTALLY_CONSCIOUS
421, 442, 12, Location A, Location D, 27.136766478520823, 12:47, 14:19, 14:46, 92, ENVIRONMENTALLY_CONSCIOUS
422, 242, 19, Location A, Location A, 37.79646555743715, 13:26, 14:11, 14:48, 45, ENVIRONMENTALLY_CONSCIOUS
423, 419, 15, Location F, Location G, 30.044330788921307, 07:46, 14:19, 14:49, 393, ENVIRONMENTALLY_CONSCIOUS
424, 306, 13, Location A, Location E, 33.657665965117936, 13:14, 14:18, 14:51, 64, ENVIRONMENTALLY_CONSCIOUS
425, 84, 17, Location F, Location F, 37.98432529513417, 13:18, 14:17, 14:54, 59, ENVIRONMENTALLY_CONSCIOUS
426, 289, 16, Location A, Location F, 19.094261723761797, 11:25, 14:37, 14:56, 192, ENVIRONMENTALLY_CONSCIOUS
427, 220, 23, Location C, Location F, 38.10579583611768, 08:47, 14:18, 14:56, 331, ENVIRONMENTALLY_CONSCIOUS
428, 183, 7, Location F, Location A, 40.661733570101475, 09:48, 14:17, 14:57, 269, ENVIRONMENTALLY_CONSCIOUS
429, 30, 10, Location E, Location G, 34.8708930129533, 12:47, 14:25, 14:59, 98, ENVIRONMENTALLY_CONSCIOUS
430, 227, 2, Location F, Location F, 24.875939920032728, 11:49, 14:38, 15:02, 169, ENVIRONMENTALLY_CONSCIOUS
431, 82, 25, Location F, Location A, 19.35612157664891, 11:16, 14:43, 15:02, 207, ENVIRONMENTALLY_CONSCIOUS
432, 86, 12, Location D, Location F, 16.887707215698818, 08:49, 14:46, 15:02, 357, ENVIRONMENTALLY_CONSCIOUS
433, 74, 9, Location A, Location A, 40.20336929715482, 12:26, 14:23, 15:03, 117, ENVIRONMENTALLY_CONSCIOUS
434, 98, 11, Location F, Location F, 44.508244497390905, 12:16, 14:20, 15:04, 124, ENVIRONMENTALLY_CONSCIOUS
435, 119, 24, Location G, Location A, 34.513701982709385, 11:27, 14:31, 15:05, 184, ENVIRONMENTALLY_CONSCIOUS
436, 25, 5, Location A, Location B, 23.244586897444904, 11:12, 14:43, 15:06, 211, ENVIRONMENTALLY_CONSCIOUS
437, 187, 18, Location F, Location G, 39.11636064307211, 07:53, 14:27, 15:06, 394, ENVIRONMENTALLY_CONSCIOUS
438, 284, 8, Location E, Location G, 21.57704556750945, 07:43, 14:45, 15:06, 422, ENVIRONMENTALLY_CONSCIOUS
439, 465, 21, Location E, Location A, 43.38274939166914, 08:39, 14:26, 15:09, 347, ENVIRONMENTALLY_CONSCIOUS
440, 89, 22, Location A, Location C, 35.47497083065181, 11:38, 14:34, 15:09, 176, ENVIRONMENTALLY_CONSCIOUS
441, 347, 1, Location D, Location F, 26.923394983629514, 10:36, 14:45, 15:11, 249, ENVIRONMENTALLY_CONSCIOUS
442, 400, 4, Location C, Location C, 27.89867873076834, 10:23, 14:45, 15:12, 262, ENVIRONMENTALLY_CONSCIOUS
443, 393, 6, Location A, Location A, 39.01037651231455, 11:43, 14:36, 15:15, 173, ENVIRONMENTALLY_CONSCIOUS
444, 456, 15, Location E, Location G, 27.150058348080016, 10:57, 14:49, 15:16, 232, ENVIRONMENTALLY_CONSCIOUS
445, 435, 14, Location B, Location G, 39.36162047378291, 09:25, 14:39, 15:18, 314, ENVIRONMENTALLY_CONSCIOUS
446, 259, 20, Location G, Location E, 42.50094736338964, 09:22, 14:41, 15:23, 319, ENVIRONMENTALLY_CONSCIOUS
447, 401, 7, Location F, Location G, 27.44992487129814, 07:58, 14:57, 15:24, 419, ENVIRONMENTALLY_CONSCIOUS
448, 266, 17, Location A, Location D, 30.995064720925804, 10:54, 14:54, 15:24, 240, ENVIRONMENTALLY_CONSCIOUS
449, 124, 24, Location A, Location E, 20.150104074033948, 09:22, 15:05, 15:25, 343, ENVIRONMENTALLY_CONSCIOUS
450, 413, 12, Location E, Location A, 24.07843973115421, 10:16, 15:02, 15:26, 286, ENVIRONMENTALLY_CONSCIOUS
451, 403, 16, Location D, Location C, 30.838421450388093, 10:49, 14:56, 15:26, 247, ENVIRONMENTALLY_CONSCIOUS
452, 204, 19, Location D, Location B, 39.04166772591429, 10:59, 14:48, 15:27, 229, ENVIRONMENTALLY_CONSCIOUS
453, 210, 3, Location F, Location C, 44.64883726736232, 11:00, 14:46, 15:30, 226, ENVIRONMENTALLY_CONSCIOUS
454, 478, 8, Location C, Location D, 24.96721161502071, 09:46, 15:06, 15:30, 320, ENVIRONMENTALLY_CONSCIOUS
455, 273, 10, Location C, Location B, 32.41101941042629, 09:08, 14:59, 15:31, 351, ENVIRONMENTALLY_CONSCIOUS
456, 421, 13, Location C, Location E, 41.880992199129075, 10:23, 14:51, 15:32, 268, ENVIRONMENTALLY_CONSCIOUS
457, 267, 9, Location B, Location C, 30.788430110146393, 10:19, 15:03, 15:33, 284, ENVIRONMENTALLY_CONSCIOUS
458, 339, 18, Location B, Location G, 28.43495574883813, 13:11, 15:06, 15:34, 115, ENVIRONMENTALLY_CONSCIOUS
459, 499, 14, Location F, Location B, 17.36716297012611, 08:02, 15:18, 15:35, 436, ENVIRONMENTALLY_CONSCIOUS
460, 287, 2, Location D, Location D, 34.223857519512926, 13:52, 15:02, 15:36, 70, ENVIRONMENTALLY_CONSCIOUS
461, 237, 23, Location F, Location B, 41.51977378635841, 10:52, 14:56, 15:37, 244, ENVIRONMENTALLY_CONSCIOUS
462, 423, 22, Location D, Location D, 31.368860003933232, 12:42, 15:09, 15:40, 147, ENVIRONMENTALLY_CONSCIOUS
463, 262, 6, Location A, Location D, 25.712327887550586, 11:31, 15:15, 15:40, 224, ENVIRONMENTALLY_CONSCIOUS
464, 318, 25, Location B, Location E, 39.32601898520022, 13:51, 15:02, 15:41, 71, ENVIRONMENTALLY_CONSCIOUS
465, 276, 11, Location B, Location C, 39.00897788794808, 13:28, 15:04, 15:43, 96, ENVIRONMENTALLY_CONSCIOUS
466, 165, 5, Location D, Location F, 38.59023814706431, 10:03, 15:06, 15:44, 303, ENVIRONMENTALLY_CONSCIOUS
467, 500, 12, Location C, Location G, 18.191886042538123, 10:23, 15:26, 15:44, 303, ENVIRONMENTALLY_CONSCIOUS
468, 263, 4, Location D, Location E, 35.20471349650226, 11:39, 15:12, 15:47, 213, ENVIRONMENTALLY_CONSCIOUS
469, 140, 7, Location A, Location D, 23.015226387675504, 11:07, 15:24, 15:47, 257, ENVIRONMENTALLY_CONSCIOUS
470, 475, 15, Location G, Location C, 33.701322198231054, 09:57, 15:16, 15:49, 319, ENVIRONMENTALLY_CONSCIOUS
471, 463, 20, Location F, Location F, 27.9742506537488, 09:16, 15:23, 15:50, 367, ENVIRONMENTALLY_CONSCIOUS
472, 376, 8, Location C, Location D, 21.615879132603744, 13:50, 15:30, 15:51, 100, ENVIRONMENTALLY_CONSCIOUS
473, 254, 21, Location D, Location E, 43.970258821898696, 07:36, 15:09, 15:52, 453, ENVIRONMENTALLY_CONSCIOUS
474, 397, 1, Location A, Location A, 41.43261562907111, 12:21, 15:11, 15:52, 170, ENVIRONMENTALLY_CONSCIOUS
475, 150, 23, Location A, Location G, 16.80980430266148, 08:35, 15:37, 15:53, 422, ENVIRONMENTALLY_CONSCIOUS
476, 452, 19, Location G, Location A, 27.19658913592724, 10:30, 15:27, 15:54, 297, ENVIRONMENTALLY_CONSCIOUS
477, 1, 17, Location C, Location G, 31.65864765499395, 11:05, 15:24, 15:55, 259, ENVIRONMENTALLY_CONSCIOUS
478, 494, 6, Location E, Location G, 15.313647250152604, 11:08, 15:40, 15:55, 272, ENVIRONMENTALLY_CONSCIOUS
479, 359, 25, Location C, Location F, 17.31814909661954, 09:12, 15:41, 15:58, 389, ENVIRONMENTALLY_CONSCIOUS
480, 192, 22, Location D, Location E, 18.629340282991514, 09:28, 15:40, 15:58, 372, ENVIRONMENTALLY_CONSCIOUS
481, 412, 16, Location A, Location C, 33.694524024409525, 10:56, 15:26, 15:59, 270, ENVIRONMENTALLY_CONSCIOUS
482, 249, 5, Location F, Location B, 16.201732723752595, 13:41, 15:44, 16:00, 123, ENVIRONMENTALLY_CONSCIOUS
483, 313, 24, Location D, Location G, 36.831772800241254, 09:31, 15:25, 16:01, 354, ENVIRONMENTALLY_CONSCIOUS
484, 422, 10, Location B, Location F, 33.27835914568055, 13:46, 15:31, 16:04, 105, ENVIRONMENTALLY_CONSCIOUS
485, 24, 9, Location C, Location C, 33.08090761682075, 10:00, 15:33, 16:06, 333, ENVIRONMENTALLY_CONSCIOUS
486, 68, 3, Location G, Location A, 37.70815962351027, 09:05, 15:30, 16:07, 385, ENVIRONMENTALLY_CONSCIOUS
487, 305, 14, Location E, Location D, 33.05020455433984, 12:20, 15:35, 16:08, 195, ENVIRONMENTALLY_CONSCIOUS
488, 428, 13, Location F, Location A, 36.40363507625506, 07:54, 15:32, 16:08, 458, ENVIRONMENTALLY_CONSCIOUS
489, 369, 18, Location B, Location G, 35.74343193583016, 10:42, 15:34, 16:09, 292, ENVIRONMENTALLY_CONSCIOUS
490, 241, 12, Location A, Location D, 27.8725048290606, 10:20, 15:44, 16:11, 324, ENVIRONMENTALLY_CONSCIOUS
491, 73, 2, Location F, Location E, 35.11524564763553, 09:32, 15:36, 16:11, 364, ENVIRONMENTALLY_CONSCIOUS
492, 137, 20, Location D, Location C, 23.47257040739167, 09:10, 15:50, 16:13, 400, ENVIRONMENTALLY_CONSCIOUS
493, 480, 7, Location A, Location G, 26.314833907679823, 07:52, 15:47, 16:13, 475, ENVIRONMENTALLY_CONSCIOUS
494, 208, 1, Location C, Location D, 22.17673126804954, 11:42, 15:52, 16:14, 250, ENVIRONMENTALLY_CONSCIOUS
495, 429, 11, Location A, Location B, 32.21475221636646, 10:38, 15:43, 16:15, 305, ENVIRONMENTALLY_CONSCIOUS
496, 31, 21, Location D, Location D, 25.688111974849726, 13:02, 15:52, 16:17, 170, ENVIRONMENTALLY_CONSCIOUS
497, 214, 15, Location C, Location G, 35.53954931716866, 11:44, 15:49, 16:24, 245, ENVIRONMENTALLY_CONSCIOUS
498, 169, 4, Location C, Location F, 40.56758642120528, 08:38, 15:47, 16:27, 429, ENVIRONMENTALLY_CONSCIOUS
499, 451, 8, Location G, Location D, 37.95597097643095, 13:31, 15:51, 16:28, 140, ENVIRONMENTALLY_CONSCIOUS
500, 178, 23, Location F, Location D, 40.591190732133505, 10:03, 15:53, 16:33, 350, ENVIRONMENTALLY_CONSCIOUS
